onset	duration	trial_type	value	sample
0.0	0.0	+0.000000	1	0
0.0	0.0	Segment: REC START REC EEG	8	0
4.932	0.0	+5.000000	4	4932
4.932	0.0	Schedule	7	4932
244.95600000000002	0.0	+245.000000	2	244956
244.95600000000002	0.0	Schedule	7	244956
484.9800000000001	0.0	+485.000000	3	484980
484.9800000000001	0.0	Schedule	7	484980
724.7300000000001	0.0	+725.000000	5	724730
724.7300000000001	0.0	Schedule	7	724730
964.7540000000001	0.0	+965.000000	6	964754
964.7540000000001	0.0	Schedule	7	964754
