onset	duration	trial_type	value	sample
0.0	0.0	+0.000000	1	0
0.0	0.0	Segment: REC START REC EEG	6	0
0.0	0.0	A1+A2 OFF	4	0
55.75200000000001	0.0	+56.000000	2	55752
55.75200000000001	0.0	Z SHP CLUSTER RAD, R	7	55752
60.99600000000001	0.0	+61.000000	3	60996
60.99600000000001	0.0	Schedule	5	60996
