onset	duration	trial_type	value	sample
0.0	0.0	+0.000000	1	0
0.0	0.0	Segment: REC START REC EEG	6	0
0.0	0.0	A1+A2 OFF	4	0
53.82000000000001	0.0	+54.000000	2	53820
53.82000000000001	0.0	Schedule	5	53820
55.75200000000001	0.0	+56.000000	3	55752
55.75200000000001	0.0	Z SHP RHD 1-4, RAD 1	7	55752
