onset	duration	trial_type	value	sample
0.0	0.0	+0.000000	1	0
0.0	0.0	Segment: REC START Prater EEG	5	0
0.0	0.0	A1+A2 OFF	3	0
104.841	0.0	+105.000000	2	104841
104.841	0.0	DEEPER SLEEP	4	104841
