onset	duration	trial_type	value	sample
0.0	0.0	+0.000000	1	0
0.0	0.0	Segment: REC START REC EEG	9	0
0.0	0.0	A1+A2 OFF	7	0
9.955	0.0	+10.000000	2	9955
9.955	0.0	Z I NTHE RESTROOM	10	9955
122.899	0.0	+123.000000	3	122899
122.899	0.0	Schedule	8	122899
362.905	0.0	+363.000000	4	362905
362.905	0.0	Schedule	8	362905
602.911	0.0	+603.000000	5	602911
602.911	0.0	Schedule	8	602911
842.917	0.0	+843.000000	6	842917
842.917	0.0	Schedule	8	842917
