onset	duration	trial_type	value	sample
0.0	0.0	+0.000000	1	0
0.0	0.0	Segment: REC START REC EEG	8	0
0.0	0.0	A1+A2 OFF	6	0
154.88	0.0	+155.000000	2	154880
154.88	0.0	Schedule	7	154880
394.88	0.0	+395.000000	3	394880
394.88	0.0	Schedule	7	394880
428.96	0.0	+429.000000	4	428960
428.96	0.0	Z RAID 2-5	9	428960
634.88	0.0	+635.000000	5	634880
634.88	0.0	Schedule	7	634880
