onset	duration	trial_type	value	sample
0.0	0.0	+0.000000	1	0
0.0	0.0	Segment: REC START REC EEG	8	0
0.0	0.0	A1+A2 OFF	6	0
60.8	0.0	+61.000000	4	60800
60.8	0.0	Schedule	7	60800
300.8	0.0	+301.000000	2	300800
300.8	0.0	Schedule	7	300800
540.8	0.0	+541.000000	3	540800
540.8	0.0	Schedule	7	540800
780.8	0.0	+781.000000	5	780800
780.8	0.0	Schedule	7	780800
