onset	duration	trial_type	value	sample
0.0	0.0	+0.000000	1	0
0.0	0.0	Segment: REC START REC EEG	9	0
0.0	0.0	A1+A2 OFF	7	0
6.831	0.0	+7.000000	5	6831
6.831	0.0	Schedule	8	6831
54.855	0.0	+55.000000	4	54855
54.855	0.0	z kh rev	10	54855
246.951	0.0	+247.000000	2	246951
246.951	0.0	Schedule	8	246951
486.864	0.0	+487.000000	3	486864
486.864	0.0	Schedule	8	486864
725.949	0.0	+726.000000	6	725949
725.949	0.0	Schedule	8	725949
