onset	duration	trial_type	value	sample
0.2734375	0.0	Clip Note	1	280
0.2783203125	0.0	eating	3	285
41.54296875	0.0	XLSpike	2	42540
56.806640625	0.0	XLSpike	2	58170
88.3544921875	0.0	XLSpike	2	90475
